{"Accels": [1.0072702982602129, 1.0087168155486612, 0.995469160886409], "AccelBias": [-0.31721800504688014, -1.849851825833618, 2.3960541397906954], "GyroBias": [0.38866366528141383, 0.021370862260820186, 0.10539487675753353], "Mags": [1.0, 1.0, 1.0], "MagBias": [0.47873038344042024, 21.778790598607078, 5.1645585365829865], "Magtransform": [[0.8773785180599634, 0.08303766934977541, 0.037333807244076506], [0.08303766934977533, 1.1606743094592886, 0.05053008121691362], [0.03733380724407648, 0.05053008121691362, 0.9921788104886482]]}