{"Accels": [1.0, 1.0, 1.0], "AccelBias": [0.0, 0.0, 0.0], "GyroBias": [-0.0024741144046734323, 0.1229919821707517, -0.0323792066006669], "Mags": [1.0, 1.0, 1.0], "MagBias": [0.6770948671735322, 3.7055738948789143, -4.875030048021724], "Magtransform": [[0.977725648172979, -0.12895601501837695, -0.042203055049892524], [-0.12895601501837695, 1.0729254044637428, -0.076493588070238], [-0.042203055049892524, -0.07649358807023801, 0.9768185076739974]]}