{"Accels": [1.1591511833123265, 1.0376006132981974, 0.9930165337593803], "AccelBias": [1.0881895461136464, -1.6372840266028545, 2.366927528203275], "GyroBias": [-0.0046419606107059065, 0.014286745666168586, 0.10513521458912058], "Mags": [1.0, 1.0, 1.0], "MagBias": [5.354741666208785, 6.206477927193273, 2.694164041177389], "Magtransform": [[0.8692511018883929, 0.011758304637507377, 0.022911981248509294], [0.011758304637507377, 1.1496759460696222, 0.1697920829156484], [0.022911981248509294, 0.16979208291564837, 1.0263737693773227]]}