{"Accels": [1.0077154390585492, 1.0165675616059953, 0.9959220914926203], "AccelBias": [-0.34505408495717044, -1.7358833625421048, 2.3089901299842825], "GyroBias": [0.11940731264578891, -0.011891195712450888, 0.10412985593706002], "Mags": [1.0, 1.0, 1.0], "MagBias": [4.989624764614598, -0.471833025503266, 5.111802066976749], "Magtransform": [[0.8906514466414908, -0.033805940583985505, -0.03814335787760759], [-0.033805940583985505, 1.1831014953545906, 0.0898197021315359], [-0.03814335787760759, 0.08981970213153591, 0.9582807956309135]]}