{"Accels": [1.0090485642825602, 1.0084551117063891, 0.9991715117121169], "AccelBias": [-0.3575482277020816, -1.750063735717208, 2.348467450045998], "GyroBias": [-0.0063171144971855475, 0.015225524275046283, 0.10477035595247869], "Mags": [1.0, 1.0, 1.0], "MagBias": [4.351024667657764, -1.634370161130078, -8.158412100508253], "Magtransform": [[0.9599156838927232, 0.07302592765880418, -0.03343813662283107], [0.07302592765880424, 1.113785295752451, 0.08577782222838218], [-0.03343813662283107, 0.08577782222838218, 0.9482236623899556]]}