{"Accels": [1.0149884058850898, 1.0104291521646018, 0.9957196286900957], "AccelBias": [-0.3961486524745367, -1.7885571398572095, 2.3878240076381823], "GyroBias": [0.3223765742886024, 0.0062332236427752, 0.1045772738272486], "Mags": [1.0, 1.0, 1.0], "MagBias": [5.383443321600882, 5.926079412442485, 3.1789980699568665], "Magtransform": [[0.9412850971788284, 0.04114903913882984, -0.06920223554053173], [0.041149039138829835, 0.9164965147680009, -0.024167759107940917], [-0.06920223554053173, -0.024167759107940945, 1.16702833021861]]}
