{"Accels": [1.0071829890197306, 1.015553377801663, 0.9969511109840024], "AccelBias": [-0.3486246987364837, -1.723741418585579, 2.3945039520550715], "GyroBias": [-0.004753815083253038, 0.014832702020267667, 0.10414184034483291], "Mags": [1.0, 1.0, 1.0], "MagBias": [4.127389686432649, -2.2376720286042824, -10.721925257593297], "Magtransform": [[0.9696908468971057, 0.02608351641684449, -0.02183180476621832], [0.02608351641684445, 1.0823741819559292, 0.05793102934810228], [-0.02183180476621832, 0.05793102934810228, 0.9570480030609652]]}